location,origin_date,target_date,output_type,output_type_id,value,target
ScV_N,2026-08-31,2026-09-30,quantile,0.01,0.0,WNV cases
ScV_N,2026-08-31,2026-09-30,quantile,0.05,0.0,WNV cases
ScV_N,2026-08-31,2026-09-30,quantile,0.1,0.040872776802787045,WNV cases
ScV_N,2026-08-31,2026-09-30,quantile,0.15,0.48203120368698177,WNV cases
ScV_N,2026-08-31,2026-09-30,quantile,0.2,0.9231896305711764,WNV cases
ScV_N,2026-08-31,2026-09-30,quantile,0.25,1.3690132042656675,WNV cases
ScV_N,2026-08-31,2026-09-30,quantile,0.3,1.8158202651576505,WNV cases
ScV_N,2026-08-31,2026-09-30,quantile,0.35,2.2853765526466083,WNV cases
ScV_N,2026-08-31,2026-09-30,quantile,0.4,2.7708868026783184,WNV cases
ScV_N,2026-08-31,2026-09-30,quantile,0.45,3.2891660232823012,WNV cases
ScV_N,2026-08-31,2026-09-30,quantile,0.5,3.836727185864162,WNV cases
ScV_N,2026-08-31,2026-09-30,quantile,0.55,4.442479155887836,WNV cases
ScV_N,2026-08-31,2026-09-30,quantile,0.6,5.085488294777673,WNV cases
ScV_N,2026-08-31,2026-09-30,quantile,0.65,5.824279447753614,WNV cases
ScV_N,2026-08-31,2026-09-30,quantile,0.7,6.664295173539369,WNV cases
ScV_N,2026-08-31,2026-09-30,quantile,0.75,7.638485442841626,WNV cases
ScV_N,2026-08-31,2026-09-30,quantile,0.8,8.809573190657346,WNV cases
ScV_N,2026-08-31,2026-09-30,quantile,0.85,10.318955587850219,WNV cases
ScV_N,2026-08-31,2026-09-30,quantile,0.9,12.42695872528697,WNV cases
ScV_N,2026-08-31,2026-09-30,quantile,0.95,15.995009762226372,WNV cases
ScV_N,2026-08-31,2026-09-30,quantile,0.99,24.420375254565474,WNV cases
ScV_S,2026-08-31,2026-09-30,quantile,0.01,0.0,WNV cases
ScV_S,2026-08-31,2026-09-30,quantile,0.05,0.0,WNV cases
ScV_S,2026-08-31,2026-09-30,quantile,0.1,0.700460823132438,WNV cases
ScV_S,2026-08-31,2026-09-30,quantile,0.15,1.4049424303433187,WNV cases
ScV_S,2026-08-31,2026-09-30,quantile,0.2,2.0873329064327018,WNV cases
ScV_S,2026-08-31,2026-09-30,quantile,0.25,2.7672011989477348,WNV cases
ScV_S,2026-08-31,2026-09-30,quantile,0.3,3.4618971670202905,WNV cases
ScV_S,2026-08-31,2026-09-30,quantile,0.35,4.173794031484943,WNV cases
ScV_S,2026-08-31,2026-09-30,quantile,0.4,4.916735737028357,WNV cases
ScV_S,2026-08-31,2026-09-30,quantile,0.45,5.710783462705535,WNV cases
ScV_S,2026-08-31,2026-09-30,quantile,0.5,6.556192216780246,WNV cases
ScV_S,2026-08-31,2026-09-30,quantile,0.55,7.46782859967574,WNV cases
ScV_S,2026-08-31,2026-09-30,quantile,0.6,8.466816569249785,WNV cases
ScV_S,2026-08-31,2026-09-30,quantile,0.65,9.57857670481322,WNV cases
ScV_S,2026-08-31,2026-09-30,quantile,0.7,10.834131015530556,WNV cases
ScV_S,2026-08-31,2026-09-30,quantile,0.75,12.307294892888999,WNV cases
ScV_S,2026-08-31,2026-09-30,quantile,0.8,14.070669429519365,WNV cases
ScV_S,2026-08-31,2026-09-30,quantile,0.85,16.33549259645569,WNV cases
ScV_S,2026-08-31,2026-09-30,quantile,0.9,19.48619814619313,WNV cases
ScV_S,2026-08-31,2026-09-30,quantile,0.95,24.807751346581604,WNV cases
ScV_S,2026-08-31,2026-09-30,quantile,0.99,37.127878072664245,WNV cases
SnJ_N,2026-08-31,2026-09-30,quantile,0.01,0.0,WNV cases
SnJ_N,2026-08-31,2026-09-30,quantile,0.05,0.0,WNV cases
SnJ_N,2026-08-31,2026-09-30,quantile,0.1,0.1717758071442249,WNV cases
SnJ_N,2026-08-31,2026-09-30,quantile,0.15,0.6674980341515439,WNV cases
SnJ_N,2026-08-31,2026-09-30,quantile,0.2,1.1609850053278472,WNV cases
SnJ_N,2026-08-31,2026-09-30,quantile,0.25,1.649918455068086,WNV cases
SnJ_N,2026-08-31,2026-09-30,quantile,0.3,2.1470119289890293,WNV cases
SnJ_N,2026-08-31,2026-09-30,quantile,0.35,2.664678933217722,WNV cases
SnJ_N,2026-08-31,2026-09-30,quantile,0.4,3.2006417339990163,WNV cases
SnJ_N,2026-08-31,2026-09-30,quantile,0.45,3.7702491890213867,WNV cases
SnJ_N,2026-08-31,2026-09-30,quantile,0.5,4.382112568265766,WNV cases
SnJ_N,2026-08-31,2026-09-30,quantile,0.55,5.025767082811362,WNV cases
SnJ_N,2026-08-31,2026-09-30,quantile,0.6,5.757825475449052,WNV cases
SnJ_N,2026-08-31,2026-09-30,quantile,0.65,6.565673263816797,WNV cases
SnJ_N,2026-08-31,2026-09-30,quantile,0.7,7.478620530959733,WNV cases
SnJ_N,2026-08-31,2026-09-30,quantile,0.75,8.542924048158216,WNV cases
SnJ_N,2026-08-31,2026-09-30,quantile,0.8,9.821162037623179,WNV cases
SnJ_N,2026-08-31,2026-09-30,quantile,0.85,11.467601997680337,WNV cases
SnJ_N,2026-08-31,2026-09-30,quantile,0.9,13.748209806925125,WNV cases
SnJ_N,2026-08-31,2026-09-30,quantile,0.95,17.61688024897203,WNV cases
SnJ_N,2026-08-31,2026-09-30,quantile,0.99,26.613347015444532,WNV cases
SnJ_S,2026-08-31,2026-09-30,quantile,0.01,0.0,WNV cases
SnJ_S,2026-08-31,2026-09-30,quantile,0.05,0.0,WNV cases
SnJ_S,2026-08-31,2026-09-30,quantile,0.1,0.31308855243410916,WNV cases
SnJ_S,2026-08-31,2026-09-30,quantile,0.15,0.8706072319232411,WNV cases
SnJ_S,2026-08-31,2026-09-30,quantile,0.2,1.4136196860538048,WNV cases
SnJ_S,2026-08-31,2026-09-30,quantile,0.25,1.9522479144146683,WNV cases
SnJ_S,2026-08-31,2026-09-30,quantile,0.3,2.5094970411720148,WNV cases
SnJ_S,2026-08-31,2026-09-30,quantile,0.35,3.0738054684537754,WNV cases
SnJ_S,2026-08-31,2026-09-30,quantile,0.4,3.675660385307519,WNV cases
SnJ_S,2026-08-31,2026-09-30,quantile,0.45,4.305670414902345,WNV cases
SnJ_S,2026-08-31,2026-09-30,quantile,0.5,4.9685860837428235,WNV cases
SnJ_S,2026-08-31,2026-09-30,quantile,0.55,5.7063295221994865,WNV cases
SnJ_S,2026-08-31,2026-09-30,quantile,0.6,6.507787132274312,WNV cases
SnJ_S,2026-08-31,2026-09-30,quantile,0.65,7.397536793480674,WNV cases
SnJ_S,2026-08-31,2026-09-30,quantile,0.7,8.409002347248332,WNV cases
SnJ_S,2026-08-31,2026-09-30,quantile,0.75,9.588820687555305,WNV cases
SnJ_S,2026-08-31,2026-09-30,quantile,0.8,10.996463377598634,WNV cases
SnJ_S,2026-08-31,2026-09-30,quantile,0.85,12.823357071409806,WNV cases
SnJ_S,2026-08-31,2026-09-30,quantile,0.9,15.358883469223489,WNV cases
SnJ_S,2026-08-31,2026-09-30,quantile,0.95,19.655372909338876,WNV cases
SnJ_S,2026-08-31,2026-09-30,quantile,0.99,29.633845859994278,WNV cases
Cal_S,2026-08-31,2026-09-30,quantile,0.01,0.0,WNV cases
Cal_S,2026-08-31,2026-09-30,quantile,0.05,1.741455646934467,WNV cases
Cal_S,2026-08-31,2026-09-30,quantile,0.1,3.702445747144648,WNV cases
Cal_S,2026-08-31,2026-09-30,quantile,0.15,5.493604062025866,WNV cases
Cal_S,2026-08-31,2026-09-30,quantile,0.2,7.232376796880907,WNV cases
Cal_S,2026-08-31,2026-09-30,quantile,0.25,8.965457415646656,WNV cases
Cal_S,2026-08-31,2026-09-30,quantile,0.3,10.732832795104198,WNV cases
Cal_S,2026-08-31,2026-09-30,quantile,0.35,12.558443727814772,WNV cases
Cal_S,2026-08-31,2026-09-30,quantile,0.4,14.465265310621003,WNV cases
Cal_S,2026-08-31,2026-09-30,quantile,0.45,16.479418176156123,WNV cases
Cal_S,2026-08-31,2026-09-30,quantile,0.5,18.62776478301211,WNV cases
Cal_S,2026-08-31,2026-09-30,quantile,0.55,20.951932787650694,WNV cases
Cal_S,2026-08-31,2026-09-30,quantile,0.6,23.50663784807768,WNV cases
Cal_S,2026-08-31,2026-09-30,quantile,0.65,26.35265782968415,WNV cases
Cal_S,2026-08-31,2026-09-30,quantile,0.7,29.585838236502063,WNV cases
Cal_S,2026-08-31,2026-09-30,quantile,0.75,33.355848047636904,WNV cases
Cal_S,2026-08-31,2026-09-30,quantile,0.8,37.90679001788076,WNV cases
Cal_S,2026-08-31,2026-09-30,quantile,0.85,43.70985281671245,WNV cases
Cal_S,2026-08-31,2026-09-30,quantile,0.9,51.80866525281298,WNV cases
Cal_S,2026-08-31,2026-09-30,quantile,0.95,65.55671770807605,WNV cases
Cal_S,2026-08-31,2026-09-30,quantile,0.99,97.61110764040733,WNV cases
LAO_G,2026-08-31,2026-09-30,quantile,0.01,0.6647482982830439,WNV cases
LAO_G,2026-08-31,2026-09-30,quantile,0.05,4.626106773926217,WNV cases
LAO_G,2026-08-31,2026-09-30,quantile,0.1,8.49316197359151,WNV cases
LAO_G,2026-08-31,2026-09-30,quantile,0.15,12.028259124166363,WNV cases
LAO_G,2026-08-31,2026-09-30,quantile,0.2,15.459637744206283,WNV cases
LAO_G,2026-08-31,2026-09-30,quantile,0.25,18.883601772711522,WNV cases
LAO_G,2026-08-31,2026-09-30,quantile,0.3,22.37189146481662,WNV cases
LAO_G,2026-08-31,2026-09-30,quantile,0.35,25.973607336956526,WNV cases
LAO_G,2026-08-31,2026-09-30,quantile,0.4,29.731162880015372,WNV cases
LAO_G,2026-08-31,2026-09-30,quantile,0.45,33.70156173256385,WNV cases
LAO_G,2026-08-31,2026-09-30,quantile,0.5,37.95233920524376,WNV cases
LAO_G,2026-08-31,2026-09-30,quantile,0.55,42.54388035511913,WNV cases
LAO_G,2026-08-31,2026-09-30,quantile,0.6,47.58555064561652,WNV cases
LAO_G,2026-08-31,2026-09-30,quantile,0.65,53.201739934972515,WNV cases
LAO_G,2026-08-31,2026-09-30,quantile,0.7,59.58426237375579,WNV cases
LAO_G,2026-08-31,2026-09-30,quantile,0.75,67.01899968848788,WNV cases
LAO_G,2026-08-31,2026-09-30,quantile,0.8,75.98990207095845,WNV cases
LAO_G,2026-08-31,2026-09-30,quantile,0.85,87.44266870531845,WNV cases
LAO_G,2026-08-31,2026-09-30,quantile,0.9,103.4175710020481,WNV cases
LAO_G,2026-08-31,2026-09-30,quantile,0.95,130.5599187427014,WNV cases
LAO_G,2026-08-31,2026-09-30,quantile,0.99,193.66916357337305,WNV cases
ScV_N,2026-08-31,2026-10-31,quantile,0.01,0.0,WNV cases
ScV_N,2026-08-31,2026-10-31,quantile,0.05,0.0,WNV cases
ScV_N,2026-08-31,2026-10-31,quantile,0.1,0.0,WNV cases
ScV_N,2026-08-31,2026-10-31,quantile,0.15,0.2913757151853012,WNV cases
ScV_N,2026-08-31,2026-10-31,quantile,0.2,0.677701333596035,WNV cases
ScV_N,2026-08-31,2026-10-31,quantile,0.25,1.0668358063671373,WNV cases
ScV_N,2026-08-31,2026-10-31,quantile,0.3,1.4701094812413473,WNV cases
ScV_N,2026-08-31,2026-10-31,quantile,0.35,1.8733831561155578,WNV cases
ScV_N,2026-08-31,2026-10-31,quantile,0.4,2.3093029212681486,WNV cases
ScV_N,2026-08-31,2026-10-31,quantile,0.45,2.760163741378344,WNV cases
ScV_N,2026-08-31,2026-10-31,quantile,0.5,3.245606641454782,WNV cases
ScV_N,2026-08-31,2026-10-31,quantile,0.55,3.7703531970675863,WNV cases
ScV_N,2026-08-31,2026-10-31,quantile,0.6,4.350306065123372,WNV cases
ScV_N,2026-08-31,2026-10-31,quantile,0.65,4.973220518334905,WNV cases
ScV_N,2026-08-31,2026-10-31,quantile,0.7,5.719312882536402,WNV cases
ScV_N,2026-08-31,2026-10-31,quantile,0.75,6.573842850576454,WNV cases
ScV_N,2026-08-31,2026-10-31,quantile,0.8,7.601416952960625,WNV cases
ScV_N,2026-08-31,2026-10-31,quantile,0.85,8.896812946498727,WNV cases
ScV_N,2026-08-31,2026-10-31,quantile,0.9,10.740373526696732,WNV cases
ScV_N,2026-08-31,2026-10-31,quantile,0.95,13.838821526505251,WNV cases
ScV_N,2026-08-31,2026-10-31,quantile,0.99,21.06471544715448,WNV cases
ScV_S,2026-08-31,2026-10-31,quantile,0.01,0.0,WNV cases
ScV_S,2026-08-31,2026-10-31,quantile,0.05,0.0,WNV cases
ScV_S,2026-08-31,2026-10-31,quantile,0.1,0.0,WNV cases
ScV_S,2026-08-31,2026-10-31,quantile,0.15,0.0,WNV cases
ScV_S,2026-08-31,2026-10-31,quantile,0.2,0.0,WNV cases
ScV_S,2026-08-31,2026-10-31,quantile,0.25,0.0,WNV cases
ScV_S,2026-08-31,2026-10-31,quantile,0.3,0.0,WNV cases
ScV_S,2026-08-31,2026-10-31,quantile,0.35,0.0,WNV cases
ScV_S,2026-08-31,2026-10-31,quantile,0.4,0.0,WNV cases
ScV_S,2026-08-31,2026-10-31,quantile,0.45,0.0,WNV cases
ScV_S,2026-08-31,2026-10-31,quantile,0.5,0.0,WNV cases
ScV_S,2026-08-31,2026-10-31,quantile,0.55,0.05291349260937493,WNV cases
ScV_S,2026-08-31,2026-10-31,quantile,0.6,0.23629943669568845,WNV cases
ScV_S,2026-08-31,2026-10-31,quantile,0.65,0.41968538078200157,WNV cases
ScV_S,2026-08-31,2026-10-31,quantile,0.7,0.6030713248683152,WNV cases
ScV_S,2026-08-31,2026-10-31,quantile,0.75,0.7864572689546286,WNV cases
ScV_S,2026-08-31,2026-10-31,quantile,0.8,0.9698432130409418,WNV cases
ScV_S,2026-08-31,2026-10-31,quantile,0.85,1.360014207873361,WNV cases
ScV_S,2026-08-31,2026-10-31,quantile,0.9,1.7908822399967277,WNV cases
ScV_S,2026-08-31,2026-10-31,quantile,0.95,2.554481919938804,WNV cases
ScV_S,2026-08-31,2026-10-31,quantile,0.99,4.183289547546876,WNV cases
SnJ_N,2026-08-31,2026-10-31,quantile,0.01,0.0,WNV cases
SnJ_N,2026-08-31,2026-10-31,quantile,0.05,0.0,WNV cases
SnJ_N,2026-08-31,2026-10-31,quantile,0.1,0.0,WNV cases
SnJ_N,2026-08-31,2026-10-31,quantile,0.15,0.10050629049749385,WNV cases
SnJ_N,2026-08-31,2026-10-31,quantile,0.2,0.4348293594161052,WNV cases
SnJ_N,2026-08-31,2026-10-31,quantile,0.25,0.7691524283347164,WNV cases
SnJ_N,2026-08-31,2026-10-31,quantile,0.3,1.1124036154409596,WNV cases
SnJ_N,2026-08-31,2026-10-31,quantile,0.35,1.4755728938621904,WNV cases
SnJ_N,2026-08-31,2026-10-31,quantile,0.4,1.8387421722834212,WNV cases
SnJ_N,2026-08-31,2026-10-31,quantile,0.45,2.2354728274723645,WNV cases
SnJ_N,2026-08-31,2026-10-31,quantile,0.5,2.659007483592666,WNV cases
SnJ_N,2026-08-31,2026-10-31,quantile,0.55,3.099854296025646,WNV cases
SnJ_N,2026-08-31,2026-10-31,quantile,0.6,3.6122199201350105,WNV cases
SnJ_N,2026-08-31,2026-10-31,quantile,0.65,4.154046994287562,WNV cases
SnJ_N,2026-08-31,2026-10-31,quantile,0.7,4.787574622625412,WNV cases
SnJ_N,2026-08-31,2026-10-31,quantile,0.75,5.528855257766412,WNV cases
SnJ_N,2026-08-31,2026-10-31,quantile,0.8,6.412029457059891,WNV cases
SnJ_N,2026-08-31,2026-10-31,quantile,0.85,7.539039662269065,WNV cases
SnJ_N,2026-08-31,2026-10-31,quantile,0.9,9.086069941426135,WNV cases
SnJ_N,2026-08-31,2026-10-31,quantile,0.95,11.756059658116204,WNV cases
SnJ_N,2026-08-31,2026-10-31,quantile,0.99,17.904136316337148,WNV cases
SnJ_S,2026-08-31,2026-10-31,quantile,0.01,0.0,WNV cases
SnJ_S,2026-08-31,2026-10-31,quantile,0.05,0.7625145572187064,WNV cases
SnJ_S,2026-08-31,2026-10-31,quantile,0.1,2.083669411155418,WNV cases
SnJ_S,2026-08-31,2026-10-31,quantile,0.15,3.2828177355484227,WNV cases
SnJ_S,2026-08-31,2026-10-31,quantile,0.2,4.4510913653188044,WNV cases
SnJ_S,2026-08-31,2026-10-31,quantile,0.25,5.619798345565042,WNV cases
SnJ_S,2026-08-31,2026-10-31,quantile,0.3,6.809423007996673,WNV cases
SnJ_S,2026-08-31,2026-10-31,quantile,0.35,8.034836354427236,WNV cases
SnJ_S,2026-08-31,2026-10-31,quantile,0.4,9.321946185230725,WNV cases
SnJ_S,2026-08-31,2026-10-31,quantile,0.45,10.678716308206743,WNV cases
SnJ_S,2026-08-31,2026-10-31,quantile,0.5,12.126220735015025,WNV cases
SnJ_S,2026-08-31,2026-10-31,quantile,0.55,13.699696296356372,WNV cases
SnJ_S,2026-08-31,2026-10-31,quantile,0.6,15.421492577389033,WNV cases
SnJ_S,2026-08-31,2026-10-31,quantile,0.65,17.339203974473318,WNV cases
SnJ_S,2026-08-31,2026-10-31,quantile,0.7,19.522716605033324,WNV cases
SnJ_S,2026-08-31,2026-10-31,quantile,0.75,22.064281713630283,WNV cases
SnJ_S,2026-08-31,2026-10-31,quantile,0.8,25.14580106552426,WNV cases
SnJ_S,2026-08-31,2026-10-31,quantile,0.85,29.071883171201126,WNV cases
SnJ_S,2026-08-31,2026-10-31,quantile,0.9,34.564526723146145,WNV cases
SnJ_S,2026-08-31,2026-10-31,quantile,0.95,43.89278982478569,WNV cases
SnJ_S,2026-08-31,2026-10-31,quantile,0.99,65.70840092205235,WNV cases
Cal_S,2026-08-31,2026-10-31,quantile,0.01,0.0,WNV cases
Cal_S,2026-08-31,2026-10-31,quantile,0.05,0.6473210981698889,WNV cases
Cal_S,2026-08-31,2026-10-31,quantile,0.1,1.8968537383568427,WNV cases
Cal_S,2026-08-31,2026-10-31,quantile,0.15,3.033983646198867,WNV cases
Cal_S,2026-08-31,2026-10-31,quantile,0.2,4.138615800642631,WNV cases
Cal_S,2026-08-31,2026-10-31,quantile,0.25,5.245001190068201,WNV cases
Cal_S,2026-08-31,2026-10-31,quantile,0.3,6.372121072884958,WNV cases
Cal_S,2026-08-31,2026-10-31,quantile,0.35,7.538605345960981,WNV cases
Cal_S,2026-08-31,2026-10-31,quantile,0.4,8.755459894125652,WNV cases
Cal_S,2026-08-31,2026-10-31,quantile,0.45,10.041635731993045,WNV cases
Cal_S,2026-08-31,2026-10-31,quantile,0.5,11.424915639839375,WNV cases
Cal_S,2026-08-31,2026-10-31,quantile,0.55,12.912388246433967,WNV cases
Cal_S,2026-08-31,2026-10-31,quantile,0.6,14.554718524649834,WNV cases
Cal_S,2026-08-31,2026-10-31,quantile,0.65,16.38294641238801,WNV cases
Cal_S,2026-08-31,2026-10-31,quantile,0.7,18.46711048866262,WNV cases
Cal_S,2026-08-31,2026-10-31,quantile,0.75,20.89385055145608,WNV cases
Cal_S,2026-08-31,2026-10-31,quantile,0.8,23.83641252875797,WNV cases
Cal_S,2026-08-31,2026-10-31,quantile,0.85,27.600488070290762,WNV cases
Cal_S,2026-08-31,2026-10-31,quantile,0.9,32.857551773083145,WNV cases
Cal_S,2026-08-31,2026-10-31,quantile,0.95,41.83116245555967,WNV cases
Cal_S,2026-08-31,2026-10-31,quantile,0.99,62.949940262843526,WNV cases
LAO_G,2026-08-31,2026-10-31,quantile,0.01,0.0,WNV cases
LAO_G,2026-08-31,2026-10-31,quantile,0.05,0.4622537392106477,WNV cases
LAO_G,2026-08-31,2026-10-31,quantile,0.1,1.5850441371119968,WNV cases
LAO_G,2026-08-31,2026-10-31,quantile,0.15,2.6118531623730936,WNV cases
LAO_G,2026-08-31,2026-10-31,quantile,0.2,3.6071130196136156,WNV cases
LAO_G,2026-08-31,2026-10-31,quantile,0.25,4.601320870565283,WNV cases
LAO_G,2026-08-31,2026-10-31,quantile,0.3,5.613806379126439,WNV cases
LAO_G,2026-08-31,2026-10-31,quantile,0.35,6.657508303673428,WNV cases
LAO_G,2026-08-31,2026-10-31,quantile,0.4,7.746547163962509,WNV cases
LAO_G,2026-08-31,2026-10-31,quantile,0.45,8.894754718213521,WNV cases
LAO_G,2026-08-31,2026-10-31,quantile,0.5,10.123466834001505,WNV cases
LAO_G,2026-08-31,2026-10-31,quantile,0.55,11.457164021568842,WNV cases
LAO_G,2026-08-31,2026-10-31,quantile,0.6,12.907702298371495,WNV cases
LAO_G,2026-08-31,2026-10-31,quantile,0.65,14.53424168175694,WNV cases
LAO_G,2026-08-31,2026-10-31,quantile,0.7,16.373636245832117,WNV cases
LAO_G,2026-08-31,2026-10-31,quantile,0.75,18.517379234730488,WNV cases
LAO_G,2026-08-31,2026-10-31,quantile,0.8,21.094699770039796,WNV cases
LAO_G,2026-08-31,2026-10-31,quantile,0.85,24.387901096875964,WNV cases
LAO_G,2026-08-31,2026-10-31,quantile,0.9,28.95953457173389,WNV cases
LAO_G,2026-08-31,2026-10-31,quantile,0.95,36.70146587577555,WNV cases
LAO_G,2026-08-31,2026-10-31,quantile,0.99,54.585894867721166,WNV cases
ScV_N,2026-08-31,2026-11-30,quantile,0.01,0.0,WNV cases
ScV_N,2026-08-31,2026-11-30,quantile,0.05,0.0,WNV cases
ScV_N,2026-08-31,2026-11-30,quantile,0.1,0.0,WNV cases
ScV_N,2026-08-31,2026-11-30,quantile,0.15,0.0,WNV cases
ScV_N,2026-08-31,2026-11-30,quantile,0.2,0.0,WNV cases
ScV_N,2026-08-31,2026-11-30,quantile,0.25,0.0,WNV cases
ScV_N,2026-08-31,2026-11-30,quantile,0.3,0.0,WNV cases
ScV_N,2026-08-31,2026-11-30,quantile,0.35,0.0,WNV cases
ScV_N,2026-08-31,2026-11-30,quantile,0.4,0.0,WNV cases
ScV_N,2026-08-31,2026-11-30,quantile,0.45,0.0,WNV cases
ScV_N,2026-08-31,2026-11-30,quantile,0.5,0.0,WNV cases
ScV_N,2026-08-31,2026-11-30,quantile,0.55,0.0,WNV cases
ScV_N,2026-08-31,2026-11-30,quantile,0.6,0.0,WNV cases
ScV_N,2026-08-31,2026-11-30,quantile,0.65,0.0,WNV cases
ScV_N,2026-08-31,2026-11-30,quantile,0.7,0.0,WNV cases
ScV_N,2026-08-31,2026-11-30,quantile,0.75,0.0,WNV cases
ScV_N,2026-08-31,2026-11-30,quantile,0.8,0.0,WNV cases
ScV_N,2026-08-31,2026-11-30,quantile,0.85,0.0,WNV cases
ScV_N,2026-08-31,2026-11-30,quantile,0.9,0.18704817691174982,WNV cases
ScV_N,2026-08-31,2026-11-30,quantile,0.95,0.652489046867277,WNV cases
ScV_N,2026-08-31,2026-11-30,quantile,0.99,1.2349904513458902,WNV cases
ScV_S,2026-08-31,2026-11-30,quantile,0.01,0.0,WNV cases
ScV_S,2026-08-31,2026-11-30,quantile,0.05,0.0,WNV cases
ScV_S,2026-08-31,2026-11-30,quantile,0.1,0.0,WNV cases
ScV_S,2026-08-31,2026-11-30,quantile,0.15,0.0,WNV cases
ScV_S,2026-08-31,2026-11-30,quantile,0.2,0.0,WNV cases
ScV_S,2026-08-31,2026-11-30,quantile,0.25,0.0,WNV cases
ScV_S,2026-08-31,2026-11-30,quantile,0.3,0.0,WNV cases
ScV_S,2026-08-31,2026-11-30,quantile,0.35,0.0,WNV cases
ScV_S,2026-08-31,2026-11-30,quantile,0.4,0.0,WNV cases
ScV_S,2026-08-31,2026-11-30,quantile,0.45,0.0,WNV cases
ScV_S,2026-08-31,2026-11-30,quantile,0.5,0.0,WNV cases
ScV_S,2026-08-31,2026-11-30,quantile,0.55,0.0,WNV cases
ScV_S,2026-08-31,2026-11-30,quantile,0.6,0.0,WNV cases
ScV_S,2026-08-31,2026-11-30,quantile,0.65,0.0,WNV cases
ScV_S,2026-08-31,2026-11-30,quantile,0.7,0.0,WNV cases
ScV_S,2026-08-31,2026-11-30,quantile,0.75,0.0,WNV cases
ScV_S,2026-08-31,2026-11-30,quantile,0.8,0.0,WNV cases
ScV_S,2026-08-31,2026-11-30,quantile,0.85,0.0,WNV cases
ScV_S,2026-08-31,2026-11-30,quantile,0.9,0.0,WNV cases
ScV_S,2026-08-31,2026-11-30,quantile,0.95,0.4696412626915034,WNV cases
ScV_S,2026-08-31,2026-11-30,quantile,0.99,0.9605788614543412,WNV cases
SnJ_N,2026-08-31,2026-11-30,quantile,0.01,0.0,WNV cases
SnJ_N,2026-08-31,2026-11-30,quantile,0.05,0.0,WNV cases
SnJ_N,2026-08-31,2026-11-30,quantile,0.1,0.0,WNV cases
SnJ_N,2026-08-31,2026-11-30,quantile,0.15,0.0,WNV cases
SnJ_N,2026-08-31,2026-11-30,quantile,0.2,0.0,WNV cases
SnJ_N,2026-08-31,2026-11-30,quantile,0.25,0.0,WNV cases
SnJ_N,2026-08-31,2026-11-30,quantile,0.3,0.0,WNV cases
SnJ_N,2026-08-31,2026-11-30,quantile,0.35,0.0,WNV cases
SnJ_N,2026-08-31,2026-11-30,quantile,0.4,0.0,WNV cases
SnJ_N,2026-08-31,2026-11-30,quantile,0.45,0.0,WNV cases
SnJ_N,2026-08-31,2026-11-30,quantile,0.5,0.0,WNV cases
SnJ_N,2026-08-31,2026-11-30,quantile,0.55,0.0,WNV cases
SnJ_N,2026-08-31,2026-11-30,quantile,0.6,0.0,WNV cases
SnJ_N,2026-08-31,2026-11-30,quantile,0.65,0.0,WNV cases
SnJ_N,2026-08-31,2026-11-30,quantile,0.7,0.0,WNV cases
SnJ_N,2026-08-31,2026-11-30,quantile,0.75,0.0,WNV cases
SnJ_N,2026-08-31,2026-11-30,quantile,0.8,0.0,WNV cases
SnJ_N,2026-08-31,2026-11-30,quantile,0.85,0.10470699694007765,WNV cases
SnJ_N,2026-08-31,2026-11-30,quantile,0.9,0.4594550670551472,WNV cases
SnJ_N,2026-08-31,2026-11-30,quantile,0.95,0.8142031371702144,WNV cases
SnJ_N,2026-08-31,2026-11-30,quantile,0.99,1.6752775138183997,WNV cases
SnJ_S,2026-08-31,2026-11-30,quantile,0.01,0.0,WNV cases
SnJ_S,2026-08-31,2026-11-30,quantile,0.05,0.0,WNV cases
SnJ_S,2026-08-31,2026-11-30,quantile,0.1,0.0,WNV cases
SnJ_S,2026-08-31,2026-11-30,quantile,0.15,0.0,WNV cases
SnJ_S,2026-08-31,2026-11-30,quantile,0.2,0.0,WNV cases
SnJ_S,2026-08-31,2026-11-30,quantile,0.25,0.0,WNV cases
SnJ_S,2026-08-31,2026-11-30,quantile,0.3,0.0,WNV cases
SnJ_S,2026-08-31,2026-11-30,quantile,0.35,0.0,WNV cases
SnJ_S,2026-08-31,2026-11-30,quantile,0.4,0.0,WNV cases
SnJ_S,2026-08-31,2026-11-30,quantile,0.45,0.0,WNV cases
SnJ_S,2026-08-31,2026-11-30,quantile,0.5,0.0,WNV cases
SnJ_S,2026-08-31,2026-11-30,quantile,0.55,0.0,WNV cases
SnJ_S,2026-08-31,2026-11-30,quantile,0.6,0.0,WNV cases
SnJ_S,2026-08-31,2026-11-30,quantile,0.65,0.0,WNV cases
SnJ_S,2026-08-31,2026-11-30,quantile,0.7,0.0,WNV cases
SnJ_S,2026-08-31,2026-11-30,quantile,0.75,0.1595827775433673,WNV cases
SnJ_S,2026-08-31,2026-11-30,quantile,0.8,0.3943202911214651,WNV cases
SnJ_S,2026-08-31,2026-11-30,quantile,0.85,0.6290578046995634,WNV cases
SnJ_S,2026-08-31,2026-11-30,quantile,0.9,0.8637953182776618,WNV cases
SnJ_S,2026-08-31,2026-11-30,quantile,0.95,1.3896393521752344,WNV cases
SnJ_S,2026-08-31,2026-11-30,quantile,0.99,2.547574261588171,WNV cases
Cal_S,2026-08-31,2026-11-30,quantile,0.01,0.0,WNV cases
Cal_S,2026-08-31,2026-11-30,quantile,0.05,0.0,WNV cases
Cal_S,2026-08-31,2026-11-30,quantile,0.1,0.0,WNV cases
Cal_S,2026-08-31,2026-11-30,quantile,0.15,0.0,WNV cases
Cal_S,2026-08-31,2026-11-30,quantile,0.2,0.0,WNV cases
Cal_S,2026-08-31,2026-11-30,quantile,0.25,0.0,WNV cases
Cal_S,2026-08-31,2026-11-30,quantile,0.3,0.0,WNV cases
Cal_S,2026-08-31,2026-11-30,quantile,0.35,0.0,WNV cases
Cal_S,2026-08-31,2026-11-30,quantile,0.4,0.0,WNV cases
Cal_S,2026-08-31,2026-11-30,quantile,0.45,0.0,WNV cases
Cal_S,2026-08-31,2026-11-30,quantile,0.5,0.0,WNV cases
Cal_S,2026-08-31,2026-11-30,quantile,0.55,0.0,WNV cases
Cal_S,2026-08-31,2026-11-30,quantile,0.6,0.0,WNV cases
Cal_S,2026-08-31,2026-11-30,quantile,0.65,0.0,WNV cases
Cal_S,2026-08-31,2026-11-30,quantile,0.7,0.0,WNV cases
Cal_S,2026-08-31,2026-11-30,quantile,0.75,0.0,WNV cases
Cal_S,2026-08-31,2026-11-30,quantile,0.8,0.0,WNV cases
Cal_S,2026-08-31,2026-11-30,quantile,0.85,0.09044421785979717,WNV cases
Cal_S,2026-08-31,2026-11-30,quantile,0.9,0.4486808161167079,WNV cases
Cal_S,2026-08-31,2026-11-30,quantile,0.95,0.8069174143736162,WNV cases
Cal_S,2026-08-31,2026-11-30,quantile,0.99,1.656966537464449,WNV cases
LAO_G,2026-08-31,2026-11-30,quantile,0.01,0.0,WNV cases
LAO_G,2026-08-31,2026-11-30,quantile,0.05,0.0,WNV cases
LAO_G,2026-08-31,2026-11-30,quantile,0.1,0.0,WNV cases
LAO_G,2026-08-31,2026-11-30,quantile,0.15,0.0,WNV cases
LAO_G,2026-08-31,2026-11-30,quantile,0.2,0.0,WNV cases
LAO_G,2026-08-31,2026-11-30,quantile,0.25,0.0,WNV cases
LAO_G,2026-08-31,2026-11-30,quantile,0.3,0.0,WNV cases
LAO_G,2026-08-31,2026-11-30,quantile,0.35,0.0,WNV cases
LAO_G,2026-08-31,2026-11-30,quantile,0.4,0.0,WNV cases
LAO_G,2026-08-31,2026-11-30,quantile,0.45,0.14337754976300487,WNV cases
LAO_G,2026-08-31,2026-11-30,quantile,0.5,0.32576505001806255,WNV cases
LAO_G,2026-08-31,2026-11-30,quantile,0.55,0.5081525502731202,WNV cases
LAO_G,2026-08-31,2026-11-30,quantile,0.6,0.690540050528178,WNV cases
LAO_G,2026-08-31,2026-11-30,quantile,0.65,0.8729275507832353,WNV cases
LAO_G,2026-08-31,2026-11-30,quantile,0.7,1.099108913742386,WNV cases
LAO_G,2026-08-31,2026-11-30,quantile,0.75,1.4258956868026567,WNV cases
LAO_G,2026-08-31,2026-11-30,quantile,0.8,1.7526824598629265,WNV cases
LAO_G,2026-08-31,2026-11-30,quantile,0.85,2.1516460928606005,WNV cases
LAO_G,2026-08-31,2026-11-30,quantile,0.9,2.775232549030462,WNV cases
LAO_G,2026-08-31,2026-11-30,quantile,0.95,3.7823911883306227,WNV cases
LAO_G,2026-08-31,2026-11-30,quantile,0.99,6.057415568030126,WNV cases
ScV_N,2026-08-31,2026-12-31,quantile,0.01,0.0,WNV cases
ScV_N,2026-08-31,2026-12-31,quantile,0.05,0.0,WNV cases
ScV_N,2026-08-31,2026-12-31,quantile,0.1,0.0,WNV cases
ScV_N,2026-08-31,2026-12-31,quantile,0.15,0.0,WNV cases
ScV_N,2026-08-31,2026-12-31,quantile,0.2,0.0,WNV cases
ScV_N,2026-08-31,2026-12-31,quantile,0.25,0.0,WNV cases
ScV_N,2026-08-31,2026-12-31,quantile,0.3,0.0,WNV cases
ScV_N,2026-08-31,2026-12-31,quantile,0.35,0.0,WNV cases
ScV_N,2026-08-31,2026-12-31,quantile,0.4,0.0,WNV cases
ScV_N,2026-08-31,2026-12-31,quantile,0.45,0.0,WNV cases
ScV_N,2026-08-31,2026-12-31,quantile,0.5,0.0,WNV cases
ScV_N,2026-08-31,2026-12-31,quantile,0.55,0.0,WNV cases
ScV_N,2026-08-31,2026-12-31,quantile,0.6,0.0,WNV cases
ScV_N,2026-08-31,2026-12-31,quantile,0.65,0.0,WNV cases
ScV_N,2026-08-31,2026-12-31,quantile,0.7,0.0,WNV cases
ScV_N,2026-08-31,2026-12-31,quantile,0.75,0.0,WNV cases
ScV_N,2026-08-31,2026-12-31,quantile,0.8,0.0,WNV cases
ScV_N,2026-08-31,2026-12-31,quantile,0.85,0.0,WNV cases
ScV_N,2026-08-31,2026-12-31,quantile,0.9,0.0,WNV cases
ScV_N,2026-08-31,2026-12-31,quantile,0.95,0.28060252298041666,WNV cases
ScV_N,2026-08-31,2026-12-31,quantile,0.99,0.9080876459454406,WNV cases
ScV_S,2026-08-31,2026-12-31,quantile,0.01,0.0,WNV cases
ScV_S,2026-08-31,2026-12-31,quantile,0.05,0.0,WNV cases
ScV_S,2026-08-31,2026-12-31,quantile,0.1,0.0,WNV cases
ScV_S,2026-08-31,2026-12-31,quantile,0.15,0.0,WNV cases
ScV_S,2026-08-31,2026-12-31,quantile,0.2,0.0,WNV cases
ScV_S,2026-08-31,2026-12-31,quantile,0.25,0.0,WNV cases
ScV_S,2026-08-31,2026-12-31,quantile,0.3,0.0,WNV cases
ScV_S,2026-08-31,2026-12-31,quantile,0.35,0.0,WNV cases
ScV_S,2026-08-31,2026-12-31,quantile,0.4,0.0,WNV cases
ScV_S,2026-08-31,2026-12-31,quantile,0.45,0.0,WNV cases
ScV_S,2026-08-31,2026-12-31,quantile,0.5,0.0,WNV cases
ScV_S,2026-08-31,2026-12-31,quantile,0.55,0.0,WNV cases
ScV_S,2026-08-31,2026-12-31,quantile,0.6,0.0,WNV cases
ScV_S,2026-08-31,2026-12-31,quantile,0.65,0.0,WNV cases
ScV_S,2026-08-31,2026-12-31,quantile,0.7,0.0,WNV cases
ScV_S,2026-08-31,2026-12-31,quantile,0.75,0.0,WNV cases
ScV_S,2026-08-31,2026-12-31,quantile,0.8,0.0,WNV cases
ScV_S,2026-08-31,2026-12-31,quantile,0.85,0.0,WNV cases
ScV_S,2026-08-31,2026-12-31,quantile,0.9,0.0,WNV cases
ScV_S,2026-08-31,2026-12-31,quantile,0.95,0.15353686600871846,WNV cases
ScV_S,2026-08-31,2026-12-31,quantile,0.99,0.8751506650685917,WNV cases
SnJ_N,2026-08-31,2026-12-31,quantile,0.01,0.0,WNV cases
SnJ_N,2026-08-31,2026-12-31,quantile,0.05,0.0,WNV cases
SnJ_N,2026-08-31,2026-12-31,quantile,0.1,0.0,WNV cases
SnJ_N,2026-08-31,2026-12-31,quantile,0.15,0.0,WNV cases
SnJ_N,2026-08-31,2026-12-31,quantile,0.2,0.0,WNV cases
SnJ_N,2026-08-31,2026-12-31,quantile,0.25,0.0,WNV cases
SnJ_N,2026-08-31,2026-12-31,quantile,0.3,0.0,WNV cases
SnJ_N,2026-08-31,2026-12-31,quantile,0.35,0.0,WNV cases
SnJ_N,2026-08-31,2026-12-31,quantile,0.4,0.0,WNV cases
SnJ_N,2026-08-31,2026-12-31,quantile,0.45,0.0,WNV cases
SnJ_N,2026-08-31,2026-12-31,quantile,0.5,0.0,WNV cases
SnJ_N,2026-08-31,2026-12-31,quantile,0.55,0.0,WNV cases
SnJ_N,2026-08-31,2026-12-31,quantile,0.6,0.0,WNV cases
SnJ_N,2026-08-31,2026-12-31,quantile,0.65,0.0,WNV cases
SnJ_N,2026-08-31,2026-12-31,quantile,0.7,0.0,WNV cases
SnJ_N,2026-08-31,2026-12-31,quantile,0.75,0.0,WNV cases
SnJ_N,2026-08-31,2026-12-31,quantile,0.8,0.0,WNV cases
SnJ_N,2026-08-31,2026-12-31,quantile,0.85,0.0,WNV cases
SnJ_N,2026-08-31,2026-12-31,quantile,0.9,0.0,WNV cases
SnJ_N,2026-08-31,2026-12-31,quantile,0.95,0.5442870287860755,WNV cases
SnJ_N,2026-08-31,2026-12-31,quantile,0.99,0.98689970223924,WNV cases
SnJ_S,2026-08-31,2026-12-31,quantile,0.01,0.0,WNV cases
SnJ_S,2026-08-31,2026-12-31,quantile,0.05,0.0,WNV cases
SnJ_S,2026-08-31,2026-12-31,quantile,0.1,0.0,WNV cases
SnJ_S,2026-08-31,2026-12-31,quantile,0.15,0.0,WNV cases
SnJ_S,2026-08-31,2026-12-31,quantile,0.2,0.0,WNV cases
SnJ_S,2026-08-31,2026-12-31,quantile,0.25,0.0,WNV cases
SnJ_S,2026-08-31,2026-12-31,quantile,0.3,0.0,WNV cases
SnJ_S,2026-08-31,2026-12-31,quantile,0.35,0.0,WNV cases
SnJ_S,2026-08-31,2026-12-31,quantile,0.4,0.0,WNV cases
SnJ_S,2026-08-31,2026-12-31,quantile,0.45,0.0,WNV cases
SnJ_S,2026-08-31,2026-12-31,quantile,0.5,0.0,WNV cases
SnJ_S,2026-08-31,2026-12-31,quantile,0.55,0.0,WNV cases
SnJ_S,2026-08-31,2026-12-31,quantile,0.6,0.0,WNV cases
SnJ_S,2026-08-31,2026-12-31,quantile,0.65,0.0,WNV cases
SnJ_S,2026-08-31,2026-12-31,quantile,0.7,0.0,WNV cases
SnJ_S,2026-08-31,2026-12-31,quantile,0.75,0.0,WNV cases
SnJ_S,2026-08-31,2026-12-31,quantile,0.8,0.0,WNV cases
SnJ_S,2026-08-31,2026-12-31,quantile,0.85,0.14853906365935388,WNV cases
SnJ_S,2026-08-31,2026-12-31,quantile,0.9,0.4931477787706833,WNV cases
SnJ_S,2026-08-31,2026-12-31,quantile,0.95,0.8377564938820105,WNV cases
SnJ_S,2026-08-31,2026-12-31,quantile,0.99,1.7354607730609928,WNV cases
Cal_S,2026-08-31,2026-12-31,quantile,0.01,0.0,WNV cases
Cal_S,2026-08-31,2026-12-31,quantile,0.05,0.0,WNV cases
Cal_S,2026-08-31,2026-12-31,quantile,0.1,0.0,WNV cases
Cal_S,2026-08-31,2026-12-31,quantile,0.15,0.0,WNV cases
Cal_S,2026-08-31,2026-12-31,quantile,0.2,0.0,WNV cases
Cal_S,2026-08-31,2026-12-31,quantile,0.25,0.0,WNV cases
Cal_S,2026-08-31,2026-12-31,quantile,0.3,0.0,WNV cases
Cal_S,2026-08-31,2026-12-31,quantile,0.35,0.0,WNV cases
Cal_S,2026-08-31,2026-12-31,quantile,0.4,0.0,WNV cases
Cal_S,2026-08-31,2026-12-31,quantile,0.45,0.0,WNV cases
Cal_S,2026-08-31,2026-12-31,quantile,0.5,0.0,WNV cases
Cal_S,2026-08-31,2026-12-31,quantile,0.55,0.0,WNV cases
Cal_S,2026-08-31,2026-12-31,quantile,0.6,0.0,WNV cases
Cal_S,2026-08-31,2026-12-31,quantile,0.65,0.0,WNV cases
Cal_S,2026-08-31,2026-12-31,quantile,0.7,0.0,WNV cases
Cal_S,2026-08-31,2026-12-31,quantile,0.75,0.0,WNV cases
Cal_S,2026-08-31,2026-12-31,quantile,0.8,0.0,WNV cases
Cal_S,2026-08-31,2026-12-31,quantile,0.85,0.0,WNV cases
Cal_S,2026-08-31,2026-12-31,quantile,0.9,0.0,WNV cases
Cal_S,2026-08-31,2026-12-31,quantile,0.95,0.3612280807825744,WNV cases
Cal_S,2026-08-31,2026-12-31,quantile,0.99,0.9302697257397099,WNV cases
LAO_G,2026-08-31,2026-12-31,quantile,0.01,0.0,WNV cases
LAO_G,2026-08-31,2026-12-31,quantile,0.05,0.0,WNV cases
LAO_G,2026-08-31,2026-12-31,quantile,0.1,0.0,WNV cases
LAO_G,2026-08-31,2026-12-31,quantile,0.15,0.0,WNV cases
LAO_G,2026-08-31,2026-12-31,quantile,0.2,0.0,WNV cases
LAO_G,2026-08-31,2026-12-31,quantile,0.25,0.0,WNV cases
LAO_G,2026-08-31,2026-12-31,quantile,0.3,0.0,WNV cases
LAO_G,2026-08-31,2026-12-31,quantile,0.35,0.0,WNV cases
LAO_G,2026-08-31,2026-12-31,quantile,0.4,0.0,WNV cases
LAO_G,2026-08-31,2026-12-31,quantile,0.45,0.0,WNV cases
LAO_G,2026-08-31,2026-12-31,quantile,0.5,0.0,WNV cases
LAO_G,2026-08-31,2026-12-31,quantile,0.55,0.0,WNV cases
LAO_G,2026-08-31,2026-12-31,quantile,0.6,0.0,WNV cases
LAO_G,2026-08-31,2026-12-31,quantile,0.65,0.11138103507466306,WNV cases
LAO_G,2026-08-31,2026-12-31,quantile,0.7,0.3118506351127524,WNV cases
LAO_G,2026-08-31,2026-12-31,quantile,0.75,0.5123202351508418,WNV cases
LAO_G,2026-08-31,2026-12-31,quantile,0.8,0.7127898351889307,WNV cases
LAO_G,2026-08-31,2026-12-31,quantile,0.85,0.91325943522702,WNV cases
LAO_G,2026-08-31,2026-12-31,quantile,0.9,1.3307486600813396,WNV cases
LAO_G,2026-08-31,2026-12-31,quantile,0.95,1.9137576642910257,WNV cases
LAO_G,2026-08-31,2026-12-31,quantile,0.99,3.4388651309759113,WNV cases
