location,origin_date,target_date,output_type_id,value,output_type,target
Cal_S,2026-08-31,2026-09-30,0.01,0.0,quantile,WNV cases
Cal_S,2026-08-31,2026-09-30,0.05,0.0,quantile,WNV cases
Cal_S,2026-08-31,2026-09-30,0.1,1.7919628288753011,quantile,WNV cases
Cal_S,2026-08-31,2026-09-30,0.15,3.7956505863223087,quantile,WNV cases
Cal_S,2026-08-31,2026-09-30,0.2,4.944338940437953,quantile,WNV cases
Cal_S,2026-08-31,2026-09-30,0.25,5.914051294326783,quantile,WNV cases
Cal_S,2026-08-31,2026-09-30,0.3,7.0,quantile,WNV cases
Cal_S,2026-08-31,2026-09-30,0.35,7.0,quantile,WNV cases
Cal_S,2026-08-31,2026-09-30,0.4,8.0,quantile,WNV cases
Cal_S,2026-08-31,2026-09-30,0.45,8.0,quantile,WNV cases
Cal_S,2026-08-31,2026-09-30,0.5,8.4647993221879,quantile,WNV cases
Cal_S,2026-08-31,2026-09-30,0.55,8.506541396382444,quantile,WNV cases
Cal_S,2026-08-31,2026-09-30,0.6,8.555764916642497,quantile,WNV cases
Cal_S,2026-08-31,2026-09-30,0.65,8.764054322226384,quantile,WNV cases
Cal_S,2026-08-31,2026-09-30,0.7,9.611374308706209,quantile,WNV cases
Cal_S,2026-08-31,2026-09-30,0.75,10.725168555974966,quantile,WNV cases
Cal_S,2026-08-31,2026-09-30,0.8,11.8981759486482,quantile,WNV cases
Cal_S,2026-08-31,2026-09-30,0.85,13.4315850957788,quantile,WNV cases
Cal_S,2026-08-31,2026-09-30,0.9,15.646016187571854,quantile,WNV cases
Cal_S,2026-08-31,2026-09-30,0.95,20.0,quantile,WNV cases
Cal_S,2026-08-31,2026-09-30,0.99,32.358858451127404,quantile,WNV cases
Cal_S,2026-08-31,2026-10-31,0.01,0.0,quantile,WNV cases
Cal_S,2026-08-31,2026-10-31,0.05,0.0,quantile,WNV cases
Cal_S,2026-08-31,2026-10-31,0.1,0.0,quantile,WNV cases
Cal_S,2026-08-31,2026-10-31,0.15,0.0,quantile,WNV cases
Cal_S,2026-08-31,2026-10-31,0.2,0.75,quantile,WNV cases
Cal_S,2026-08-31,2026-10-31,0.25,1.0,quantile,WNV cases
Cal_S,2026-08-31,2026-10-31,0.3,1.957717805492825,quantile,WNV cases
Cal_S,2026-08-31,2026-10-31,0.35,2.0,quantile,WNV cases
Cal_S,2026-08-31,2026-10-31,0.4,2.5,quantile,WNV cases
Cal_S,2026-08-31,2026-10-31,0.45,2.754977600843965,quantile,WNV cases
Cal_S,2026-08-31,2026-10-31,0.5,3.25,quantile,WNV cases
Cal_S,2026-08-31,2026-10-31,0.55,3.946668328086504,quantile,WNV cases
Cal_S,2026-08-31,2026-10-31,0.6,3.889137036546524,quantile,WNV cases
Cal_S,2026-08-31,2026-10-31,0.65,4.222683127287174,quantile,WNV cases
Cal_S,2026-08-31,2026-10-31,0.7,4.9473066003084485,quantile,WNV cases
Cal_S,2026-08-31,2026-10-31,0.75,5.671930073329728,quantile,WNV cases
Cal_S,2026-08-31,2026-10-31,0.8,7.19984977158874,quantile,WNV cases
Cal_S,2026-08-31,2026-10-31,0.85,8.727769469847756,quantile,WNV cases
Cal_S,2026-08-31,2026-10-31,0.9,10.775730449745575,quantile,WNV cases
Cal_S,2026-08-31,2026-10-31,0.95,14.8229926949507,quantile,WNV cases
Cal_S,2026-08-31,2026-10-31,0.99,23.0,quantile,WNV cases
Cal_S,2026-08-31,2026-11-30,0.01,0.0,quantile,WNV cases
Cal_S,2026-08-31,2026-11-30,0.05,0.0,quantile,WNV cases
Cal_S,2026-08-31,2026-11-30,0.1,0.0,quantile,WNV cases
Cal_S,2026-08-31,2026-11-30,0.15,0.0,quantile,WNV cases
Cal_S,2026-08-31,2026-11-30,0.2,0.0,quantile,WNV cases
Cal_S,2026-08-31,2026-11-30,0.25,0.0,quantile,WNV cases
Cal_S,2026-08-31,2026-11-30,0.3,0.0,quantile,WNV cases
Cal_S,2026-08-31,2026-11-30,0.35,0.0,quantile,WNV cases
Cal_S,2026-08-31,2026-11-30,0.4,0.0,quantile,WNV cases
Cal_S,2026-08-31,2026-11-30,0.45,0.0,quantile,WNV cases
Cal_S,2026-08-31,2026-11-30,0.5,0.1101729776710275,quantile,WNV cases
Cal_S,2026-08-31,2026-11-30,0.55,0.2768674080999066,quantile,WNV cases
Cal_S,2026-08-31,2026-11-30,0.6,0.4280001301909324,quantile,WNV cases
Cal_S,2026-08-31,2026-11-30,0.65,0.6530778118377969,quantile,WNV cases
Cal_S,2026-08-31,2026-11-30,0.7,1.0077815043853595,quantile,WNV cases
Cal_S,2026-08-31,2026-11-30,0.75,1.3624851969329264,quantile,WNV cases
Cal_S,2026-08-31,2026-11-30,0.8,2.6756663899758086,quantile,WNV cases
Cal_S,2026-08-31,2026-11-30,0.85,3.988847583018694,quantile,WNV cases
Cal_S,2026-08-31,2026-11-30,0.9,5.0,quantile,WNV cases
Cal_S,2026-08-31,2026-11-30,0.95,7.0,quantile,WNV cases
Cal_S,2026-08-31,2026-11-30,0.99,11.0,quantile,WNV cases
Cal_S,2026-08-31,2026-12-31,0.01,0.0,quantile,WNV cases
Cal_S,2026-08-31,2026-12-31,0.05,0.0,quantile,WNV cases
Cal_S,2026-08-31,2026-12-31,0.1,0.0,quantile,WNV cases
Cal_S,2026-08-31,2026-12-31,0.15,0.0,quantile,WNV cases
Cal_S,2026-08-31,2026-12-31,0.2,0.0,quantile,WNV cases
Cal_S,2026-08-31,2026-12-31,0.25,0.0,quantile,WNV cases
Cal_S,2026-08-31,2026-12-31,0.3,0.0,quantile,WNV cases
Cal_S,2026-08-31,2026-12-31,0.35,0.0,quantile,WNV cases
Cal_S,2026-08-31,2026-12-31,0.4,0.0,quantile,WNV cases
Cal_S,2026-08-31,2026-12-31,0.45,0.0,quantile,WNV cases
Cal_S,2026-08-31,2026-12-31,0.5,0.0,quantile,WNV cases
Cal_S,2026-08-31,2026-12-31,0.55,0.0,quantile,WNV cases
Cal_S,2026-08-31,2026-12-31,0.6,0.0,quantile,WNV cases
Cal_S,2026-08-31,2026-12-31,0.65,0.132465836066053,quantile,WNV cases
Cal_S,2026-08-31,2026-12-31,0.7,0.4118291881100213,quantile,WNV cases
Cal_S,2026-08-31,2026-12-31,0.75,0.6911925401539932,quantile,WNV cases
Cal_S,2026-08-31,2026-12-31,0.8,1.7825519433355308,quantile,WNV cases
Cal_S,2026-08-31,2026-12-31,0.85,2.8739113465170703,quantile,WNV cases
Cal_S,2026-08-31,2026-12-31,0.9,5.0,quantile,WNV cases
Cal_S,2026-08-31,2026-12-31,0.95,7.0,quantile,WNV cases
Cal_S,2026-08-31,2026-12-31,0.99,10.0,quantile,WNV cases
LAO_G,2026-08-31,2026-09-30,0.01,0.0,quantile,WNV cases
LAO_G,2026-08-31,2026-09-30,0.05,4.626106773926217,quantile,WNV cases
LAO_G,2026-08-31,2026-09-30,0.1,8.49316197359151,quantile,WNV cases
LAO_G,2026-08-31,2026-09-30,0.15,12.028259124166365,quantile,WNV cases
LAO_G,2026-08-31,2026-09-30,0.2,14.0,quantile,WNV cases
LAO_G,2026-08-31,2026-09-30,0.25,15.0,quantile,WNV cases
LAO_G,2026-08-31,2026-09-30,0.3,16.0,quantile,WNV cases
LAO_G,2026-08-31,2026-09-30,0.35,19.25,quantile,WNV cases
LAO_G,2026-08-31,2026-09-30,0.4,23.25,quantile,WNV cases
LAO_G,2026-08-31,2026-09-30,0.45,27.75,quantile,WNV cases
LAO_G,2026-08-31,2026-09-30,0.5,32.11152435069784,quantile,WNV cases
LAO_G,2026-08-31,2026-09-30,0.55,35.4006757384249,quantile,WNV cases
LAO_G,2026-08-31,2026-09-30,0.6,42.3714165535575,quantile,WNV cases
LAO_G,2026-08-31,2026-09-30,0.65,50.25,quantile,WNV cases
LAO_G,2026-08-31,2026-09-30,0.7,57.75,quantile,WNV cases
LAO_G,2026-08-31,2026-09-30,0.75,67.01899968848788,quantile,WNV cases
LAO_G,2026-08-31,2026-09-30,0.8,75.98990207095845,quantile,WNV cases
LAO_G,2026-08-31,2026-09-30,0.85,87.44266870531845,quantile,WNV cases
LAO_G,2026-08-31,2026-09-30,0.9,103.4175710020481,quantile,WNV cases
LAO_G,2026-08-31,2026-09-30,0.95,130.5599187427014,quantile,WNV cases
LAO_G,2026-08-31,2026-09-30,0.99,193.66916357337303,quantile,WNV cases
LAO_G,2026-08-31,2026-10-31,0.01,0.0,quantile,WNV cases
LAO_G,2026-08-31,2026-10-31,0.05,0.4622537392106477,quantile,WNV cases
LAO_G,2026-08-31,2026-10-31,0.1,1.5850441371119968,quantile,WNV cases
LAO_G,2026-08-31,2026-10-31,0.15,4.75,quantile,WNV cases
LAO_G,2026-08-31,2026-10-31,0.2,6.165482840316377,quantile,WNV cases
LAO_G,2026-08-31,2026-10-31,0.25,7.550520300959747,quantile,WNV cases
LAO_G,2026-08-31,2026-10-31,0.3,8.388291935876982,quantile,WNV cases
LAO_G,2026-08-31,2026-10-31,0.35,9.226063570794215,quantile,WNV cases
LAO_G,2026-08-31,2026-10-31,0.4,9.561694114675552,quantile,WNV cases
LAO_G,2026-08-31,2026-10-31,0.45,9.395183567520991,quantile,WNV cases
LAO_G,2026-08-31,2026-10-31,0.5,10.123466834001505,quantile,WNV cases
LAO_G,2026-08-31,2026-10-31,0.55,11.457164021568842,quantile,WNV cases
LAO_G,2026-08-31,2026-10-31,0.6,12.907702298371497,quantile,WNV cases
LAO_G,2026-08-31,2026-10-31,0.65,14.53424168175694,quantile,WNV cases
LAO_G,2026-08-31,2026-10-31,0.7,16.373636245832117,quantile,WNV cases
LAO_G,2026-08-31,2026-10-31,0.75,18.517379234730488,quantile,WNV cases
LAO_G,2026-08-31,2026-10-31,0.8,21.0946997700398,quantile,WNV cases
LAO_G,2026-08-31,2026-10-31,0.85,24.387901096875964,quantile,WNV cases
LAO_G,2026-08-31,2026-10-31,0.9,28.95953457173389,quantile,WNV cases
LAO_G,2026-08-31,2026-10-31,0.95,36.70146587577555,quantile,WNV cases
LAO_G,2026-08-31,2026-10-31,0.99,54.585894867721166,quantile,WNV cases
LAO_G,2026-08-31,2026-11-30,0.01,0.0,quantile,WNV cases
LAO_G,2026-08-31,2026-11-30,0.05,0.0,quantile,WNV cases
LAO_G,2026-08-31,2026-11-30,0.1,0.0,quantile,WNV cases
LAO_G,2026-08-31,2026-11-30,0.15,0.0,quantile,WNV cases
LAO_G,2026-08-31,2026-11-30,0.2,0.0,quantile,WNV cases
LAO_G,2026-08-31,2026-11-30,0.25,0.0,quantile,WNV cases
LAO_G,2026-08-31,2026-11-30,0.3,0.9860379883936627,quantile,WNV cases
LAO_G,2026-08-31,2026-11-30,0.35,1.6590864087815027,quantile,WNV cases
LAO_G,2026-08-31,2026-11-30,0.4,1.9607526082559228,quantile,WNV cases
LAO_G,2026-08-31,2026-11-30,0.45,1.891036586816926,quantile,WNV cases
LAO_G,2026-08-31,2026-11-30,0.5,1.8213205653779287,quantile,WNV cases
LAO_G,2026-08-31,2026-11-30,0.55,1.7516045439389325,quantile,WNV cases
LAO_G,2026-08-31,2026-11-30,0.6,1.6818885224999356,quantile,WNV cases
LAO_G,2026-08-31,2026-11-30,0.65,1.989566303693009,quantile,WNV cases
LAO_G,2026-08-31,2026-11-30,0.7,2.6746378875181485,quantile,WNV cases
LAO_G,2026-08-31,2026-11-30,0.75,3.359709471343291,quantile,WNV cases
LAO_G,2026-08-31,2026-11-30,0.8,4.800403018677076,quantile,WNV cases
LAO_G,2026-08-31,2026-11-30,0.85,5.283081892467644,quantile,WNV cases
LAO_G,2026-08-31,2026-11-30,0.9,7.555349902355331,quantile,WNV cases
LAO_G,2026-08-31,2026-11-30,0.95,13.452998027880952,quantile,WNV cases
LAO_G,2026-08-31,2026-11-30,0.99,20.179497041821428,quantile,WNV cases
LAO_G,2026-08-31,2026-12-31,0.01,0.0,quantile,WNV cases
LAO_G,2026-08-31,2026-12-31,0.05,0.0,quantile,WNV cases
LAO_G,2026-08-31,2026-12-31,0.1,0.0,quantile,WNV cases
LAO_G,2026-08-31,2026-12-31,0.15,0.0,quantile,WNV cases
LAO_G,2026-08-31,2026-12-31,0.2,0.0,quantile,WNV cases
LAO_G,2026-08-31,2026-12-31,0.25,0.0,quantile,WNV cases
LAO_G,2026-08-31,2026-12-31,0.3,0.0,quantile,WNV cases
LAO_G,2026-08-31,2026-12-31,0.35,0.0,quantile,WNV cases
LAO_G,2026-08-31,2026-12-31,0.4,0.0,quantile,WNV cases
LAO_G,2026-08-31,2026-12-31,0.45,0.0,quantile,WNV cases
LAO_G,2026-08-31,2026-12-31,0.5,0.0,quantile,WNV cases
LAO_G,2026-08-31,2026-12-31,0.55,0.0,quantile,WNV cases
LAO_G,2026-08-31,2026-12-31,0.6,0.0,quantile,WNV cases
LAO_G,2026-08-31,2026-12-31,0.65,0.111381035074663,quantile,WNV cases
LAO_G,2026-08-31,2026-12-31,0.7,0.4339173970588169,quantile,WNV cases
LAO_G,2026-08-31,2026-12-31,0.75,0.8102005200501773,quantile,WNV cases
LAO_G,2026-08-31,2026-12-31,0.8,2.1814993578981765,quantile,WNV cases
LAO_G,2026-08-31,2026-12-31,0.85,3.5527981957461785,quantile,WNV cases
LAO_G,2026-08-31,2026-12-31,0.9,5.849514229164171,quantile,WNV cases
LAO_G,2026-08-31,2026-12-31,0.95,12.355198728682357,quantile,WNV cases
LAO_G,2026-08-31,2026-12-31,0.99,18.532798093023533,quantile,WNV cases
ScV_N,2026-08-31,2026-09-30,0.01,0.0,quantile,WNV cases
ScV_N,2026-08-31,2026-09-30,0.05,0.0,quantile,WNV cases
ScV_N,2026-08-31,2026-09-30,0.1,0.0,quantile,WNV cases
ScV_N,2026-08-31,2026-09-30,0.15,0.4820312036869817,quantile,WNV cases
ScV_N,2026-08-31,2026-09-30,0.2,1.0,quantile,WNV cases
ScV_N,2026-08-31,2026-09-30,0.25,1.3690132042656675,quantile,WNV cases
ScV_N,2026-08-31,2026-09-30,0.3,1.8158202651576505,quantile,WNV cases
ScV_N,2026-08-31,2026-09-30,0.35,2.0,quantile,WNV cases
ScV_N,2026-08-31,2026-09-30,0.4,2.7708868026783184,quantile,WNV cases
ScV_N,2026-08-31,2026-09-30,0.45,3.0,quantile,WNV cases
ScV_N,2026-08-31,2026-09-30,0.5,3.836727185864162,quantile,WNV cases
ScV_N,2026-08-31,2026-09-30,0.55,4.0,quantile,WNV cases
ScV_N,2026-08-31,2026-09-30,0.6,5.0,quantile,WNV cases
ScV_N,2026-08-31,2026-09-30,0.65,5.75,quantile,WNV cases
ScV_N,2026-08-31,2026-09-30,0.7,6.664295173539369,quantile,WNV cases
ScV_N,2026-08-31,2026-09-30,0.75,7.0,quantile,WNV cases
ScV_N,2026-08-31,2026-09-30,0.8,8.809573190657346,quantile,WNV cases
ScV_N,2026-08-31,2026-09-30,0.85,10.0,quantile,WNV cases
ScV_N,2026-08-31,2026-09-30,0.9,12.0,quantile,WNV cases
ScV_N,2026-08-31,2026-09-30,0.95,15.995009762226372,quantile,WNV cases
ScV_N,2026-08-31,2026-09-30,0.99,26.769393357562777,quantile,WNV cases
ScV_N,2026-08-31,2026-10-31,0.01,0.0,quantile,WNV cases
ScV_N,2026-08-31,2026-10-31,0.05,0.0,quantile,WNV cases
ScV_N,2026-08-31,2026-10-31,0.1,0.0,quantile,WNV cases
ScV_N,2026-08-31,2026-10-31,0.15,0.0,quantile,WNV cases
ScV_N,2026-08-31,2026-10-31,0.2,0.0,quantile,WNV cases
ScV_N,2026-08-31,2026-10-31,0.25,0.2105612066989832,quantile,WNV cases
ScV_N,2026-08-31,2026-10-31,0.3,0.6043468619092135,quantile,WNV cases
ScV_N,2026-08-31,2026-10-31,0.35,0.9981325171194442,quantile,WNV cases
ScV_N,2026-08-31,2026-10-31,0.4,1.2271710830561329,quantile,WNV cases
ScV_N,2026-08-31,2026-10-31,0.45,1.291462559719281,quantile,WNV cases
ScV_N,2026-08-31,2026-10-31,0.5,1.3557540363824294,quantile,WNV cases
ScV_N,2026-08-31,2026-10-31,0.55,1.4200455130455776,quantile,WNV cases
ScV_N,2026-08-31,2026-10-31,0.6,1.4843369897087255,quantile,WNV cases
ScV_N,2026-08-31,2026-10-31,0.65,1.757247361875174,quantile,WNV cases
ScV_N,2026-08-31,2026-10-31,0.7,2.2387766295449207,quantile,WNV cases
ScV_N,2026-08-31,2026-10-31,0.75,2.7203058972146708,quantile,WNV cases
ScV_N,2026-08-31,2026-10-31,0.8,3.9657127513046486,quantile,WNV cases
ScV_N,2026-08-31,2026-10-31,0.85,5.211119605394629,quantile,WNV cases
ScV_N,2026-08-31,2026-10-31,0.9,7.363637596047054,quantile,WNV cases
ScV_N,2026-08-31,2026-10-31,0.95,12.518553608200628,quantile,WNV cases
ScV_N,2026-08-31,2026-10-31,0.99,18.777830412300943,quantile,WNV cases
ScV_N,2026-08-31,2026-11-30,0.01,0.0,quantile,WNV cases
ScV_N,2026-08-31,2026-11-30,0.05,0.0,quantile,WNV cases
ScV_N,2026-08-31,2026-11-30,0.1,0.0,quantile,WNV cases
ScV_N,2026-08-31,2026-11-30,0.15,0.0,quantile,WNV cases
ScV_N,2026-08-31,2026-11-30,0.2,0.0,quantile,WNV cases
ScV_N,2026-08-31,2026-11-30,0.25,0.0,quantile,WNV cases
ScV_N,2026-08-31,2026-11-30,0.3,0.0,quantile,WNV cases
ScV_N,2026-08-31,2026-11-30,0.35,0.0,quantile,WNV cases
ScV_N,2026-08-31,2026-11-30,0.4,0.0,quantile,WNV cases
ScV_N,2026-08-31,2026-11-30,0.45,0.0,quantile,WNV cases
ScV_N,2026-08-31,2026-11-30,0.5,0.0124458646172997,quantile,WNV cases
ScV_N,2026-08-31,2026-11-30,0.55,0.1054611590358714,quantile,WNV cases
ScV_N,2026-08-31,2026-11-30,0.6,0.1984764534544431,quantile,WNV cases
ScV_N,2026-08-31,2026-11-30,0.65,0.3947182903982574,quantile,WNV cases
ScV_N,2026-08-31,2026-11-30,0.7,0.6941866698673138,quantile,WNV cases
ScV_N,2026-08-31,2026-11-30,0.75,1.0,quantile,WNV cases
ScV_N,2026-08-31,2026-11-30,0.8,2.101743333676114,quantile,WNV cases
ScV_N,2026-08-31,2026-11-30,0.85,3.2098316180158566,quantile,WNV cases
ScV_N,2026-08-31,2026-11-30,0.9,4.0,quantile,WNV cases
ScV_N,2026-08-31,2026-11-30,0.95,6.0,quantile,WNV cases
ScV_N,2026-08-31,2026-11-30,0.99,9.0,quantile,WNV cases
ScV_N,2026-08-31,2026-12-31,0.01,0.0,quantile,WNV cases
ScV_N,2026-08-31,2026-12-31,0.05,0.0,quantile,WNV cases
ScV_N,2026-08-31,2026-12-31,0.1,0.0,quantile,WNV cases
ScV_N,2026-08-31,2026-12-31,0.15,0.0,quantile,WNV cases
ScV_N,2026-08-31,2026-12-31,0.2,0.0,quantile,WNV cases
ScV_N,2026-08-31,2026-12-31,0.25,0.0,quantile,WNV cases
ScV_N,2026-08-31,2026-12-31,0.3,0.0,quantile,WNV cases
ScV_N,2026-08-31,2026-12-31,0.35,0.0,quantile,WNV cases
ScV_N,2026-08-31,2026-12-31,0.4,0.0,quantile,WNV cases
ScV_N,2026-08-31,2026-12-31,0.45,0.0,quantile,WNV cases
ScV_N,2026-08-31,2026-12-31,0.5,0.0,quantile,WNV cases
ScV_N,2026-08-31,2026-12-31,0.55,0.0,quantile,WNV cases
ScV_N,2026-08-31,2026-12-31,0.6,0.0201166476908579,quantile,WNV cases
ScV_N,2026-08-31,2026-12-31,0.65,0.2072850795244054,quantile,WNV cases
ScV_N,2026-08-31,2026-12-31,0.7,0.4972791503498834,quantile,WNV cases
ScV_N,2026-08-31,2026-12-31,0.75,0.7872732211753645,quantile,WNV cases
ScV_N,2026-08-31,2026-12-31,0.8,1.7569777770713182,quantile,WNV cases
ScV_N,2026-08-31,2026-12-31,0.85,2.726682332967274,quantile,WNV cases
ScV_N,2026-08-31,2026-12-31,0.9,4.0,quantile,WNV cases
ScV_N,2026-08-31,2026-12-31,0.95,5.0,quantile,WNV cases
ScV_N,2026-08-31,2026-12-31,0.99,8.0,quantile,WNV cases
ScV_S,2026-08-31,2026-09-30,0.01,0.0,quantile,WNV cases
ScV_S,2026-08-31,2026-09-30,0.05,0.278478301049583,quantile,WNV cases
ScV_S,2026-08-31,2026-09-30,0.1,1.0,quantile,WNV cases
ScV_S,2026-08-31,2026-09-30,0.15,2.0,quantile,WNV cases
ScV_S,2026-08-31,2026-09-30,0.2,3.0,quantile,WNV cases
ScV_S,2026-08-31,2026-09-30,0.25,3.0,quantile,WNV cases
ScV_S,2026-08-31,2026-09-30,0.3,4.0,quantile,WNV cases
ScV_S,2026-08-31,2026-09-30,0.35,5.0,quantile,WNV cases
ScV_S,2026-08-31,2026-09-30,0.4,5.0,quantile,WNV cases
ScV_S,2026-08-31,2026-09-30,0.45,5.710783462705535,quantile,WNV cases
ScV_S,2026-08-31,2026-09-30,0.5,6.556192216780246,quantile,WNV cases
ScV_S,2026-08-31,2026-09-30,0.55,7.46782859967574,quantile,WNV cases
ScV_S,2026-08-31,2026-09-30,0.6,8.466816569249785,quantile,WNV cases
ScV_S,2026-08-31,2026-09-30,0.65,9.57857670481322,quantile,WNV cases
ScV_S,2026-08-31,2026-09-30,0.7,10.834131015530556,quantile,WNV cases
ScV_S,2026-08-31,2026-09-30,0.75,12.307294892889,quantile,WNV cases
ScV_S,2026-08-31,2026-09-30,0.8,14.070669429519365,quantile,WNV cases
ScV_S,2026-08-31,2026-09-30,0.85,16.33549259645569,quantile,WNV cases
ScV_S,2026-08-31,2026-09-30,0.9,19.4890622295696,quantile,WNV cases
ScV_S,2026-08-31,2026-09-30,0.95,27.1731852848009,quantile,WNV cases
ScV_S,2026-08-31,2026-09-30,0.99,42.0,quantile,WNV cases
ScV_S,2026-08-31,2026-10-31,0.01,0.0,quantile,WNV cases
ScV_S,2026-08-31,2026-10-31,0.05,0.0,quantile,WNV cases
ScV_S,2026-08-31,2026-10-31,0.1,0.0,quantile,WNV cases
ScV_S,2026-08-31,2026-10-31,0.15,0.0,quantile,WNV cases
ScV_S,2026-08-31,2026-10-31,0.2,0.0,quantile,WNV cases
ScV_S,2026-08-31,2026-10-31,0.25,0.2913928031921394,quantile,WNV cases
ScV_S,2026-08-31,2026-10-31,0.3,0.8215055227265741,quantile,WNV cases
ScV_S,2026-08-31,2026-10-31,0.35,1.1716229883056082,quantile,WNV cases
ScV_S,2026-08-31,2026-10-31,0.4,1.4204920421571372,quantile,WNV cases
ScV_S,2026-08-31,2026-10-31,0.45,1.599025506565782,quantile,WNV cases
ScV_S,2026-08-31,2026-10-31,0.5,1.7664832472801213,quantile,WNV cases
ScV_S,2026-08-31,2026-10-31,0.55,1.935678500779093,quantile,WNV cases
ScV_S,2026-08-31,2026-10-31,0.6,2.1147911361159504,quantile,WNV cases
ScV_S,2026-08-31,2026-10-31,0.65,2.3534941756811607,quantile,WNV cases
ScV_S,2026-08-31,2026-10-31,0.7,2.669081788139736,quantile,WNV cases
ScV_S,2026-08-31,2026-10-31,0.75,3.154102802276614,quantile,WNV cases
ScV_S,2026-08-31,2026-10-31,0.8,4.272563869779895,quantile,WNV cases
ScV_S,2026-08-31,2026-10-31,0.85,6.143641682725842,quantile,WNV cases
ScV_S,2026-08-31,2026-10-31,0.9,8.408000209047,quantile,WNV cases
ScV_S,2026-08-31,2026-10-31,0.95,14.49895590234993,quantile,WNV cases
ScV_S,2026-08-31,2026-10-31,0.99,21.74843385352489,quantile,WNV cases
ScV_S,2026-08-31,2026-11-30,0.01,0.0,quantile,WNV cases
ScV_S,2026-08-31,2026-11-30,0.05,0.0,quantile,WNV cases
ScV_S,2026-08-31,2026-11-30,0.1,0.0,quantile,WNV cases
ScV_S,2026-08-31,2026-11-30,0.15,0.0,quantile,WNV cases
ScV_S,2026-08-31,2026-11-30,0.2,0.0,quantile,WNV cases
ScV_S,2026-08-31,2026-11-30,0.25,0.0,quantile,WNV cases
ScV_S,2026-08-31,2026-11-30,0.3,0.0,quantile,WNV cases
ScV_S,2026-08-31,2026-11-30,0.35,0.0,quantile,WNV cases
ScV_S,2026-08-31,2026-11-30,0.4,0.0,quantile,WNV cases
ScV_S,2026-08-31,2026-11-30,0.45,0.0,quantile,WNV cases
ScV_S,2026-08-31,2026-11-30,0.5,0.0502636310382997,quantile,WNV cases
ScV_S,2026-08-31,2026-11-30,0.55,0.1460773114678799,quantile,WNV cases
ScV_S,2026-08-31,2026-11-30,0.6,0.24189099189746,quantile,WNV cases
ScV_S,2026-08-31,2026-11-30,0.65,0.4499669292830167,quantile,WNV cases
ScV_S,2026-08-31,2026-11-30,0.7,0.7703051236245491,quantile,WNV cases
ScV_S,2026-08-31,2026-11-30,0.75,1.0906433179660855,quantile,WNV cases
ScV_S,2026-08-31,2026-11-30,0.8,2.320265076422884,quantile,WNV cases
ScV_S,2026-08-31,2026-11-30,0.85,3.549886834879685,quantile,WNV cases
ScV_S,2026-08-31,2026-11-30,0.9,5.808125850255203,quantile,WNV cases
ScV_S,2026-08-31,2026-11-30,0.95,10.0,quantile,WNV cases
ScV_S,2026-08-31,2026-11-30,0.99,15.0,quantile,WNV cases
ScV_S,2026-08-31,2026-12-31,0.01,0.0,quantile,WNV cases
ScV_S,2026-08-31,2026-12-31,0.05,0.0,quantile,WNV cases
ScV_S,2026-08-31,2026-12-31,0.1,0.0,quantile,WNV cases
ScV_S,2026-08-31,2026-12-31,0.15,0.0,quantile,WNV cases
ScV_S,2026-08-31,2026-12-31,0.2,0.0,quantile,WNV cases
ScV_S,2026-08-31,2026-12-31,0.25,0.0,quantile,WNV cases
ScV_S,2026-08-31,2026-12-31,0.3,0.0,quantile,WNV cases
ScV_S,2026-08-31,2026-12-31,0.35,0.0,quantile,WNV cases
ScV_S,2026-08-31,2026-12-31,0.4,0.0,quantile,WNV cases
ScV_S,2026-08-31,2026-12-31,0.45,0.0,quantile,WNV cases
ScV_S,2026-08-31,2026-12-31,0.5,0.0,quantile,WNV cases
ScV_S,2026-08-31,2026-12-31,0.55,0.0,quantile,WNV cases
ScV_S,2026-08-31,2026-12-31,0.6,0.0,quantile,WNV cases
ScV_S,2026-08-31,2026-12-31,0.65,0.1276131238209197,quantile,WNV cases
ScV_S,2026-08-31,2026-12-31,0.7,0.399912758840878,quantile,WNV cases
ScV_S,2026-08-31,2026-12-31,0.75,0.6722123938608399,quantile,WNV cases
ScV_S,2026-08-31,2026-12-31,0.8,1.7557215234451986,quantile,WNV cases
ScV_S,2026-08-31,2026-12-31,0.85,2.8392306530295595,quantile,WNV cases
ScV_S,2026-08-31,2026-12-31,0.9,5.068481723797742,quantile,WNV cases
ScV_S,2026-08-31,2026-12-31,0.95,10.0,quantile,WNV cases
ScV_S,2026-08-31,2026-12-31,0.99,14.0,quantile,WNV cases
SnJ_N,2026-08-31,2026-09-30,0.01,0.0,quantile,WNV cases
SnJ_N,2026-08-31,2026-09-30,0.05,0.0,quantile,WNV cases
SnJ_N,2026-08-31,2026-09-30,0.1,0.831602604245088,quantile,WNV cases
SnJ_N,2026-08-31,2026-09-30,0.15,1.0,quantile,WNV cases
SnJ_N,2026-08-31,2026-09-30,0.2,1.1609850053278472,quantile,WNV cases
SnJ_N,2026-08-31,2026-09-30,0.25,1.93715774388535,quantile,WNV cases
SnJ_N,2026-08-31,2026-09-30,0.3,2.1470119289890293,quantile,WNV cases
SnJ_N,2026-08-31,2026-09-30,0.35,2.6489926070808,quantile,WNV cases
SnJ_N,2026-08-31,2026-09-30,0.4,3.04177660242381,quantile,WNV cases
SnJ_N,2026-08-31,2026-09-30,0.45,3.47183076475944,quantile,WNV cases
SnJ_N,2026-08-31,2026-09-30,0.5,3.95148058911206,quantile,WNV cases
SnJ_N,2026-08-31,2026-09-30,0.55,4.71425418170748,quantile,WNV cases
SnJ_N,2026-08-31,2026-09-30,0.6,5.71412641403788,quantile,WNV cases
SnJ_N,2026-08-31,2026-09-30,0.65,6.528703887425,quantile,WNV cases
SnJ_N,2026-08-31,2026-09-30,0.7,7.19420551161158,quantile,WNV cases
SnJ_N,2026-08-31,2026-09-30,0.75,7.99999559685582,quantile,WNV cases
SnJ_N,2026-08-31,2026-09-30,0.8,9.42912129137329,quantile,WNV cases
SnJ_N,2026-08-31,2026-09-30,0.85,11.467601997680337,quantile,WNV cases
SnJ_N,2026-08-31,2026-09-30,0.9,13.748209806925123,quantile,WNV cases
SnJ_N,2026-08-31,2026-09-30,0.95,17.61688024897203,quantile,WNV cases
SnJ_N,2026-08-31,2026-09-30,0.99,26.61334701544453,quantile,WNV cases
SnJ_N,2026-08-31,2026-10-31,0.01,0.0,quantile,WNV cases
SnJ_N,2026-08-31,2026-10-31,0.05,0.0,quantile,WNV cases
SnJ_N,2026-08-31,2026-10-31,0.1,0.0,quantile,WNV cases
SnJ_N,2026-08-31,2026-10-31,0.15,0.0,quantile,WNV cases
SnJ_N,2026-08-31,2026-10-31,0.2,0.0,quantile,WNV cases
SnJ_N,2026-08-31,2026-10-31,0.25,0.5,quantile,WNV cases
SnJ_N,2026-08-31,2026-10-31,0.3,1.0,quantile,WNV cases
SnJ_N,2026-08-31,2026-10-31,0.35,1.0,quantile,WNV cases
SnJ_N,2026-08-31,2026-10-31,0.4,1.0,quantile,WNV cases
SnJ_N,2026-08-31,2026-10-31,0.45,1.75,quantile,WNV cases
SnJ_N,2026-08-31,2026-10-31,0.5,2.0,quantile,WNV cases
SnJ_N,2026-08-31,2026-10-31,0.55,2.0,quantile,WNV cases
SnJ_N,2026-08-31,2026-10-31,0.6,2.363953514261713,quantile,WNV cases
SnJ_N,2026-08-31,2026-10-31,0.65,2.79603207207305,quantile,WNV cases
SnJ_N,2026-08-31,2026-10-31,0.7,3.0,quantile,WNV cases
SnJ_N,2026-08-31,2026-10-31,0.75,3.95008060993498,quantile,WNV cases
SnJ_N,2026-08-31,2026-10-31,0.8,4.845588535935325,quantile,WNV cases
SnJ_N,2026-08-31,2026-10-31,0.85,5.0,quantile,WNV cases
SnJ_N,2026-08-31,2026-10-31,0.9,7.0,quantile,WNV cases
SnJ_N,2026-08-31,2026-10-31,0.95,11.756059658116204,quantile,WNV cases
SnJ_N,2026-08-31,2026-10-31,0.99,17.904136316337148,quantile,WNV cases
SnJ_N,2026-08-31,2026-11-30,0.01,0.0,quantile,WNV cases
SnJ_N,2026-08-31,2026-11-30,0.05,0.0,quantile,WNV cases
SnJ_N,2026-08-31,2026-11-30,0.1,0.0,quantile,WNV cases
SnJ_N,2026-08-31,2026-11-30,0.15,0.0,quantile,WNV cases
SnJ_N,2026-08-31,2026-11-30,0.2,0.0,quantile,WNV cases
SnJ_N,2026-08-31,2026-11-30,0.25,0.0,quantile,WNV cases
SnJ_N,2026-08-31,2026-11-30,0.3,0.0,quantile,WNV cases
SnJ_N,2026-08-31,2026-11-30,0.35,0.0,quantile,WNV cases
SnJ_N,2026-08-31,2026-11-30,0.4,0.0,quantile,WNV cases
SnJ_N,2026-08-31,2026-11-30,0.45,0.0,quantile,WNV cases
SnJ_N,2026-08-31,2026-11-30,0.5,0.05529273866112,quantile,WNV cases
SnJ_N,2026-08-31,2026-11-30,0.55,0.1545249347630178,quantile,WNV cases
SnJ_N,2026-08-31,2026-11-30,0.6,0.2537571308649158,quantile,WNV cases
SnJ_N,2026-08-31,2026-11-30,0.65,0.622394661131356,quantile,WNV cases
SnJ_N,2026-08-31,2026-11-30,0.7,0.855043626843331,quantile,WNV cases
SnJ_N,2026-08-31,2026-11-30,0.75,1.110192838438332,quantile,WNV cases
SnJ_N,2026-08-31,2026-11-30,0.8,2.0,quantile,WNV cases
SnJ_N,2026-08-31,2026-11-30,0.85,3.0,quantile,WNV cases
SnJ_N,2026-08-31,2026-11-30,0.9,3.0,quantile,WNV cases
SnJ_N,2026-08-31,2026-11-30,0.95,4.0,quantile,WNV cases
SnJ_N,2026-08-31,2026-11-30,0.99,6.579355544433905,quantile,WNV cases
SnJ_N,2026-08-31,2026-12-31,0.01,0.0,quantile,WNV cases
SnJ_N,2026-08-31,2026-12-31,0.05,0.0,quantile,WNV cases
SnJ_N,2026-08-31,2026-12-31,0.1,0.0,quantile,WNV cases
SnJ_N,2026-08-31,2026-12-31,0.15,0.0,quantile,WNV cases
SnJ_N,2026-08-31,2026-12-31,0.2,0.0,quantile,WNV cases
SnJ_N,2026-08-31,2026-12-31,0.25,0.0,quantile,WNV cases
SnJ_N,2026-08-31,2026-12-31,0.3,0.0,quantile,WNV cases
SnJ_N,2026-08-31,2026-12-31,0.35,0.0,quantile,WNV cases
SnJ_N,2026-08-31,2026-12-31,0.4,0.0,quantile,WNV cases
SnJ_N,2026-08-31,2026-12-31,0.45,0.0,quantile,WNV cases
SnJ_N,2026-08-31,2026-12-31,0.5,0.0,quantile,WNV cases
SnJ_N,2026-08-31,2026-12-31,0.55,0.0,quantile,WNV cases
SnJ_N,2026-08-31,2026-12-31,0.6,0.0,quantile,WNV cases
SnJ_N,2026-08-31,2026-12-31,0.65,0.1262112405260227,quantile,WNV cases
SnJ_N,2026-08-31,2026-12-31,0.7,0.3944633801790673,quantile,WNV cases
SnJ_N,2026-08-31,2026-12-31,0.75,0.662715519832115,quantile,WNV cases
SnJ_N,2026-08-31,2026-12-31,0.8,1.631993734042112,quantile,WNV cases
SnJ_N,2026-08-31,2026-12-31,0.85,2.0,quantile,WNV cases
SnJ_N,2026-08-31,2026-12-31,0.9,3.0,quantile,WNV cases
SnJ_N,2026-08-31,2026-12-31,0.95,4.0,quantile,WNV cases
SnJ_N,2026-08-31,2026-12-31,0.99,6.0,quantile,WNV cases
SnJ_S,2026-08-31,2026-09-30,0.01,0.0,quantile,WNV cases
SnJ_S,2026-08-31,2026-09-30,0.05,1.0,quantile,WNV cases
SnJ_S,2026-08-31,2026-09-30,0.1,2.8356179921310303,quantile,WNV cases
SnJ_S,2026-08-31,2026-09-30,0.15,4.48746844938288,quantile,WNV cases
SnJ_S,2026-08-31,2026-09-30,0.2,5.20172876617997,quantile,WNV cases
SnJ_S,2026-08-31,2026-09-30,0.25,6.0,quantile,WNV cases
SnJ_S,2026-08-31,2026-09-30,0.3,7.0,quantile,WNV cases
SnJ_S,2026-08-31,2026-09-30,0.35,7.901116806312535,quantile,WNV cases
SnJ_S,2026-08-31,2026-09-30,0.4,8.245825222022837,quantile,WNV cases
SnJ_S,2026-08-31,2026-09-30,0.45,9.0,quantile,WNV cases
SnJ_S,2026-08-31,2026-09-30,0.5,9.82328306432427,quantile,WNV cases
SnJ_S,2026-08-31,2026-09-30,0.55,10.7733351093751,quantile,WNV cases
SnJ_S,2026-08-31,2026-09-30,0.6,11.9957542784272,quantile,WNV cases
SnJ_S,2026-08-31,2026-09-30,0.65,13.5814449348103,quantile,WNV cases
SnJ_S,2026-08-31,2026-09-30,0.7,15.4870360430809,quantile,WNV cases
SnJ_S,2026-08-31,2026-09-30,0.75,17.835095283527,quantile,WNV cases
SnJ_S,2026-08-31,2026-09-30,0.8,19.359729911201,quantile,WNV cases
SnJ_S,2026-08-31,2026-09-30,0.85,21.0748431190776,quantile,WNV cases
SnJ_S,2026-08-31,2026-09-30,0.9,24.52806720256735,quantile,WNV cases
SnJ_S,2026-08-31,2026-09-30,0.95,29.7020324840679,quantile,WNV cases
SnJ_S,2026-08-31,2026-09-30,0.99,42.6022786446089,quantile,WNV cases
SnJ_S,2026-08-31,2026-10-31,0.01,0.0,quantile,WNV cases
SnJ_S,2026-08-31,2026-10-31,0.05,0.0,quantile,WNV cases
SnJ_S,2026-08-31,2026-10-31,0.1,1.0,quantile,WNV cases
SnJ_S,2026-08-31,2026-10-31,0.15,1.0,quantile,WNV cases
SnJ_S,2026-08-31,2026-10-31,0.2,1.1034973332577522,quantile,WNV cases
SnJ_S,2026-08-31,2026-10-31,0.25,1.862611553176221,quantile,WNV cases
SnJ_S,2026-08-31,2026-10-31,0.3,2.409258874584962,quantile,WNV cases
SnJ_S,2026-08-31,2026-10-31,0.35,2.955906195993704,quantile,WNV cases
SnJ_S,2026-08-31,2026-10-31,0.4,3.225823852099394,quantile,WNV cases
SnJ_S,2026-08-31,2026-10-31,0.45,3.219011842902035,quantile,WNV cases
SnJ_S,2026-08-31,2026-10-31,0.5,3.212199833704676,quantile,WNV cases
SnJ_S,2026-08-31,2026-10-31,0.55,3.205387824507317,quantile,WNV cases
SnJ_S,2026-08-31,2026-10-31,0.6,3.198575815309958,quantile,WNV cases
SnJ_S,2026-08-31,2026-10-31,0.65,4.0,quantile,WNV cases
SnJ_S,2026-08-31,2026-10-31,0.7,4.42698052994385,quantile,WNV cases
SnJ_S,2026-08-31,2026-10-31,0.75,5.66203645852031,quantile,WNV cases
SnJ_S,2026-08-31,2026-10-31,0.8,6.67065886341271,quantile,WNV cases
SnJ_S,2026-08-31,2026-10-31,0.85,7.84141690634095,quantile,WNV cases
SnJ_S,2026-08-31,2026-10-31,0.9,9.699736367122805,quantile,WNV cases
SnJ_S,2026-08-31,2026-10-31,0.95,15.96010639403904,quantile,WNV cases
SnJ_S,2026-08-31,2026-10-31,0.99,39.68654989862305,quantile,WNV cases
SnJ_S,2026-08-31,2026-11-30,0.01,0.0,quantile,WNV cases
SnJ_S,2026-08-31,2026-11-30,0.05,0.0,quantile,WNV cases
SnJ_S,2026-08-31,2026-11-30,0.1,0.0,quantile,WNV cases
SnJ_S,2026-08-31,2026-11-30,0.15,0.0,quantile,WNV cases
SnJ_S,2026-08-31,2026-11-30,0.2,0.0,quantile,WNV cases
SnJ_S,2026-08-31,2026-11-30,0.25,0.0,quantile,WNV cases
SnJ_S,2026-08-31,2026-11-30,0.3,0.0,quantile,WNV cases
SnJ_S,2026-08-31,2026-11-30,0.35,0.0,quantile,WNV cases
SnJ_S,2026-08-31,2026-11-30,0.4,0.0,quantile,WNV cases
SnJ_S,2026-08-31,2026-11-30,0.45,0.0,quantile,WNV cases
SnJ_S,2026-08-31,2026-11-30,0.5,0.0507094201022048,quantile,WNV cases
SnJ_S,2026-08-31,2026-11-30,0.55,0.145713221883707,quantile,WNV cases
SnJ_S,2026-08-31,2026-11-30,0.6,0.2407170236652091,quantile,WNV cases
SnJ_S,2026-08-31,2026-11-30,0.65,0.78308712219713,quantile,WNV cases
SnJ_S,2026-08-31,2026-11-30,0.7,1.0,quantile,WNV cases
SnJ_S,2026-08-31,2026-11-30,0.75,1.20639956122733,quantile,WNV cases
SnJ_S,2026-08-31,2026-11-30,0.8,2.147595992147779,quantile,WNV cases
SnJ_S,2026-08-31,2026-11-30,0.85,3.207774828960601,quantile,WNV cases
SnJ_S,2026-08-31,2026-11-30,0.9,5.439654117038883,quantile,WNV cases
SnJ_S,2026-08-31,2026-11-30,0.95,12.430059796811811,quantile,WNV cases
SnJ_S,2026-08-31,2026-11-30,0.99,18.64508969521772,quantile,WNV cases
SnJ_S,2026-08-31,2026-12-31,0.01,0.0,quantile,WNV cases
SnJ_S,2026-08-31,2026-12-31,0.05,0.0,quantile,WNV cases
SnJ_S,2026-08-31,2026-12-31,0.1,0.0,quantile,WNV cases
SnJ_S,2026-08-31,2026-12-31,0.15,0.0,quantile,WNV cases
SnJ_S,2026-08-31,2026-12-31,0.2,0.0,quantile,WNV cases
SnJ_S,2026-08-31,2026-12-31,0.25,0.0,quantile,WNV cases
SnJ_S,2026-08-31,2026-12-31,0.3,0.0,quantile,WNV cases
SnJ_S,2026-08-31,2026-12-31,0.35,0.0,quantile,WNV cases
SnJ_S,2026-08-31,2026-12-31,0.4,0.0,quantile,WNV cases
SnJ_S,2026-08-31,2026-12-31,0.45,0.0,quantile,WNV cases
SnJ_S,2026-08-31,2026-12-31,0.5,0.0,quantile,WNV cases
SnJ_S,2026-08-31,2026-12-31,0.55,0.0,quantile,WNV cases
SnJ_S,2026-08-31,2026-12-31,0.6,0.0,quantile,WNV cases
SnJ_S,2026-08-31,2026-12-31,0.65,0.0499920303835302,quantile,WNV cases
SnJ_S,2026-08-31,2026-12-31,0.7,0.3260651016204809,quantile,WNV cases
SnJ_S,2026-08-31,2026-12-31,0.75,0.6021381728574347,quantile,WNV cases
SnJ_S,2026-08-31,2026-12-31,0.8,1.5867417865610804,quantile,WNV cases
SnJ_S,2026-08-31,2026-12-31,0.85,2.5713454002647285,quantile,WNV cases
SnJ_S,2026-08-31,2026-12-31,0.9,4.76075241661682,quantile,WNV cases
SnJ_S,2026-08-31,2026-12-31,0.95,11.636609899081922,quantile,WNV cases
SnJ_S,2026-08-31,2026-12-31,0.99,17.454914848622884,quantile,WNV cases
